"RunId","OriginalPath","QuarantinePath","MovedAtUtc"
"764f60c0-e430-4b72-9a30-5bf91d09cc2e","C:\Windows\Temp\bb3a785178f443fda931098a5a9a306b.db.ses","C:\Users\labuser\Documents\Training\Day 3 - Scripting\TempCleanup\TempCleanupState\Quarantine\764f60c0-e430-4b72-9a30-5bf91d09cc2e_C__Windows_Temp_bb3a785178f443fda931098a5a9a306b.db.ses","2026-08-05T12:01:23.5812581Z"
"764f60c0-e430-4b72-9a30-5bf91d09cc2e","C:\Windows\Temp\MpCmdRun.log","C:\Users\labuser\Documents\Training\Day 3 - Scripting\TempCleanup\TempCleanupState\Quarantine\764f60c0-e430-4b72-9a30-5bf91d09cc2e_C__Windows_Temp_MpCmdRun.log","2026-08-05T12:01:23.5932584Z"
"764f60c0-e430-4b72-9a30-5bf91d09cc2e","C:\Windows\Temp\MpSigStub.log","C:\Users\labuser\Documents\Training\Day 3 - Scripting\TempCleanup\TempCleanupState\Quarantine\764f60c0-e430-4b72-9a30-5bf91d09cc2e_C__Windows_Temp_MpSigStub.log","2026-08-05T12:01:23.5982602Z"
"764f60c0-e430-4b72-9a30-5bf91d09cc2e","C:\Windows\Temp\silconfig.log","C:\Users\labuser\Documents\Training\Day 3 - Scripting\TempCleanup\TempCleanupState\Quarantine\764f60c0-e430-4b72-9a30-5bf91d09cc2e_C__Windows_Temp_silconfig.log","2026-08-05T12:01:23.6034917Z"
"764f60c0-e430-4b72-9a30-5bf91d09cc2e","C:\Windows\Temp\_env.cmd","C:\Users\labuser\Documents\Training\Day 3 - Scripting\TempCleanup\TempCleanupState\Quarantine\764f60c0-e430-4b72-9a30-5bf91d09cc2e_C__Windows_Temp__env.cmd","2026-08-05T12:01:23.6094972Z"
"764f60c0-e430-4b72-9a30-5bf91d09cc2e","C:\Windows\Temp\chocolatey\activitywatch\0.13.2\activitywatch-v0.13.2-windows-x86_64.zip","C:\Users\labuser\Documents\Training\Day 3 - Scripting\TempCleanup\TempCleanupState\Quarantine\764f60c0-e430-4b72-9a30-5bf91d09cc2e_C__Windows_Temp_chocolatey_activitywatch_0.13.2_activitywatch-v0.13.2-windows-x86_64.zip","2026-08-05T12:01:23.6154961Z"
"764f60c0-e430-4b72-9a30-5bf91d09cc2e","C:\Windows\Temp\chocolatey\chocoInstall\chocolatey.nuspec","C:\Users\labuser\Documents\Training\Day 3 - Scripting\TempCleanup\TempCleanupState\Quarantine\764f60c0-e430-4b72-9a30-5bf91d09cc2e_C__Windows_Temp_chocolatey_chocoInstall_chocolatey.nuspec","2026-08-05T12:01:23.6224954Z"
"764f60c0-e430-4b72-9a30-5bf91d09cc2e","C:\Windows\Temp\chocolatey\chocoInstall\chocolatey.zip","C:\Users\labuser\Documents\Training\Day 3 - Scripting\TempCleanup\TempCleanupState\Quarantine\764f60c0-e430-4b72-9a30-5bf91d09cc2e_C__Windows_Temp_chocolatey_chocoInstall_chocolatey.zip","2026-08-05T12:01:23.6284957Z"
"764f60c0-e430-4b72-9a30-5bf91d09cc2e","C:\Windows\Temp\chocolatey\chocoInstall\[Content_Types].xml","C:\Users\labuser\Documents\Training\Day 3 - Scripting\TempCleanup\TempCleanupState\Quarantine\764f60c0-e430-4b72-9a30-5bf91d09cc2e_C__Windows_Temp_chocolatey_chocoInstall_[Content_Types].xml","2026-08-05T12:01:23.6363418Z"
"764f60c0-e430-4b72-9a30-5bf91d09cc2e","C:\Windows\Temp\chocolatey\chocoInstall\package\services\metadata\core-properties\5ad4dc75cc79452d8e7e738cb4a3286e.psmdcp","C:\Users\labuser\Documents\Training\Day 3 - Scripting\TempCleanup\TempCleanupState\Quarantine\764f60c0-e430-4b72-9a30-5bf91d09cc2e_C__Windows_Temp_chocolatey_chocoInstall_package_services_metadata_core-properties_5ad4dc75cc79452d8e7e738cb4a3286e.psmdcp","2026-08-05T12:01:23.6423426Z"
"764f60c0-e430-4b72-9a30-5bf91d09cc2e","C:\Windows\Temp\chocolatey\chocoInstall\tools\chocolateyInstall.ps1","C:\Users\labuser\Documents\Training\Day 3 - Scripting\TempCleanup\TempCleanupState\Quarantine\764f60c0-e430-4b72-9a30-5bf91d09cc2e_C__Windows_Temp_chocolatey_chocoInstall_tools_chocolateyInstall.ps1","2026-08-05T12:01:23.6483443Z"
"764f60c0-e430-4b72-9a30-5bf91d09cc2e","C:\Windows\Temp\chocolatey\chocoInstall\tools\chocolateysetup.psm1","C:\Users\labuser\Documents\Training\Day 3 - Scripting\TempCleanup\TempCleanupState\Quarantine\764f60c0-e430-4b72-9a30-5bf91d09cc2e_C__Windows_Temp_chocolatey_chocoInstall_tools_chocolateysetup.psm1","2026-08-05T12:01:23.6563433Z"
"764f60c0-e430-4b72-9a30-5bf91d09cc2e","C:\Windows\Temp\chocolatey\chocoInstall\tools\init.ps1","C:\Users\labuser\Documents\Training\Day 3 - Scripting\TempCleanup\TempCleanupState\Quarantine\764f60c0-e430-4b72-9a30-5bf91d09cc2e_C__Windows_Temp_chocolatey_chocoInstall_tools_init.ps1","2026-08-05T12:01:23.6623435Z"
"764f60c0-e430-4b72-9a30-5bf91d09cc2e","C:\Windows\Temp\chocolatey\chocoInstall\tools\VERIFICATION.txt","C:\Users\labuser\Documents\Training\Day 3 - Scripting\TempCleanup\TempCleanupState\Quarantine\764f60c0-e430-4b72-9a30-5bf91d09cc2e_C__Windows_Temp_chocolatey_chocoInstall_tools_VERIFICATION.txt","2026-08-05T12:01:23.6732919Z"
"764f60c0-e430-4b72-9a30-5bf91d09cc2e","C:\Windows\Temp\chocolatey\chocoInstall\tools\chocolateyInstall\choco.exe","C:\Users\labuser\Documents\Training\Day 3 - Scripting\TempCleanup\TempCleanupState\Quarantine\764f60c0-e430-4b72-9a30-5bf91d09cc2e_C__Windows_Temp_chocolatey_chocoInstall_tools_chocolateyInstall_choco.exe","2026-08-05T12:01:23.6812907Z"
"764f60c0-e430-4b72-9a30-5bf91d09cc2e","C:\Windows\Temp\chocolatey\chocoInstall\tools\chocolateyInstall\choco.exe.ignore","C:\Users\labuser\Documents\Training\Day 3 - Scripting\TempCleanup\TempCleanupState\Quarantine\764f60c0-e430-4b72-9a30-5bf91d09cc2e_C__Windows_Temp_chocolatey_chocoInstall_tools_chocolateyInstall_choco.exe.ignore","2026-08-05T12:01:23.7519821Z"
"764f60c0-e430-4b72-9a30-5bf91d09cc2e","C:\Windows\Temp\chocolatey\chocoInstall\tools\chocolateyInstall\choco.exe.manifest","C:\Users\labuser\Documents\Training\Day 3 - Scripting\TempCleanup\TempCleanupState\Quarantine\764f60c0-e430-4b72-9a30-5bf91d09cc2e_C__Windows_Temp_chocolatey_chocoInstall_tools_chocolateyInstall_choco.exe.manifest","2026-08-05T12:01:23.7685291Z"
"764f60c0-e430-4b72-9a30-5bf91d09cc2e","C:\Windows\Temp\chocolatey\chocoInstall\tools\chocolateyInstall\CREDITS.txt","C:\Users\labuser\Documents\Training\Day 3 - Scripting\TempCleanup\TempCleanupState\Quarantine\764f60c0-e430-4b72-9a30-5bf91d09cc2e_C__Windows_Temp_chocolatey_chocoInstall_tools_chocolateyInstall_CREDITS.txt","2026-08-05T12:01:23.7845296Z"
"764f60c0-e430-4b72-9a30-5bf91d09cc2e","C:\Windows\Temp\chocolatey\chocoInstall\tools\chocolateyInstall\LICENSE.txt","C:\Users\labuser\Documents\Training\Day 3 - Scripting\TempCleanup\TempCleanupState\Quarantine\764f60c0-e430-4b72-9a30-5bf91d09cc2e_C__Windows_Temp_chocolatey_chocoInstall_tools_chocolateyInstall_LICENSE.txt","2026-08-05T12:01:23.7962827Z"
"764f60c0-e430-4b72-9a30-5bf91d09cc2e","C:\Windows\Temp\chocolatey\chocoInstall\tools\chocolateyInstall\helpers\chocolateyInstaller.psm1","C:\Users\labuser\Documents\Training\Day 3 - Scripting\TempCleanup\TempCleanupState\Quarantine\764f60c0-e430-4b72-9a30-5bf91d09cc2e_C__Windows_Temp_chocolatey_chocoInstall_tools_chocolateyInstall_helpers_chocolateyInstaller.psm1","2026-08-05T12:01:23.8132824Z"
"764f60c0-e430-4b72-9a30-5bf91d09cc2e","C:\Windows\Temp\chocolatey\chocoInstall\tools\chocolateyInstall\helpers\chocolateyProfile.psm1","C:\Users\labuser\Documents\Training\Day 3 - Scripting\TempCleanup\TempCleanupState\Quarantine\764f60c0-e430-4b72-9a30-5bf91d09cc2e_C__Windows_Temp_chocolatey_chocoInstall_tools_chocolateyInstall_helpers_chocolateyProfile.psm1","2026-08-05T12:01:23.8930625Z"
"764f60c0-e430-4b72-9a30-5bf91d09cc2e","C:\Windows\Temp\chocolatey\chocoInstall\tools\chocolateyInstall\helpers\chocolateyScriptRunner.ps1","C:\Users\labuser\Documents\Training\Day 3 - Scripting\TempCleanup\TempCleanupState\Quarantine\764f60c0-e430-4b72-9a30-5bf91d09cc2e_C__Windows_Temp_chocolatey_chocoInstall_tools_chocolateyInstall_helpers_chocolateyScriptRunner.ps1","2026-08-05T12:01:23.8990672Z"
"764f60c0-e430-4b72-9a30-5bf91d09cc2e","C:\Windows\Temp\chocolatey\chocoInstall\tools\chocolateyInstall\helpers\ChocolateyTabExpansion.ps1","C:\Users\labuser\Documents\Training\Day 3 - Scripting\TempCleanup\TempCleanupState\Quarantine\764f60c0-e430-4b72-9a30-5bf91d09cc2e_C__Windows_Temp_chocolatey_chocoInstall_tools_chocolateyInstall_helpers_ChocolateyTabExpansion.ps1","2026-08-05T12:01:23.9050655Z"
"764f60c0-e430-4b72-9a30-5bf91d09cc2e","C:\Windows\Temp\chocolatey\chocoInstall\tools\chocolateyInstall\helpers\functions\Format-FileSize.ps1","C:\Users\labuser\Documents\Training\Day 3 - Scripting\TempCleanup\TempCleanupState\Quarantine\764f60c0-e430-4b72-9a30-5bf91d09cc2e_C__Windows_Temp_chocolatey_chocoInstall_tools_chocolateyInstall_helpers_functions_Format-FileSize.ps1","2026-08-05T12:01:23.9110661Z"
"764f60c0-e430-4b72-9a30-5bf91d09cc2e","C:\Windows\Temp\chocolatey\chocoInstall\tools\chocolateyInstall\helpers\functions\Get-CheckSumValid.ps1","C:\Users\labuser\Documents\Training\Day 3 - Scripting\TempCleanup\TempCleanupState\Quarantine\764f60c0-e430-4b72-9a30-5bf91d09cc2e_C__Windows_Temp_chocolatey_chocoInstall_tools_chocolateyInstall_helpers_functions_Get-CheckSumValid.ps1","2026-08-05T12:01:23.9174776Z"
"764f60c0-e430-4b72-9a30-5bf91d09cc2e","C:\Windows\Temp\chocolatey\chocoInstall\tools\chocolateyInstall\helpers\functions\Get-ChocolateyPath.ps1","C:\Users\labuser\Documents\Training\Day 3 - Scripting\TempCleanup\TempCleanupState\Quarantine\764f60c0-e430-4b72-9a30-5bf91d09cc2e_C__Windows_Temp_chocolatey_chocoInstall_tools_chocolateyInstall_helpers_functions_Get-ChocolateyPath.ps1","2026-08-05T12:01:23.9224842Z"
"764f60c0-e430-4b72-9a30-5bf91d09cc2e","C:\Windows\Temp\chocolatey\chocoInstall\tools\chocolateyInstall\helpers\functions\Get-ChocolateyUnzip.ps1","C:\Users\labuser\Documents\Training\Day 3 - Scripting\TempCleanup\TempCleanupState\Quarantine\764f60c0-e430-4b72-9a30-5bf91d09cc2e_C__Windows_Temp_chocolatey_chocoInstall_tools_chocolateyInstall_helpers_functions_Get-ChocolateyUnzip.ps1","2026-08-05T12:01:23.9284822Z"
"764f60c0-e430-4b72-9a30-5bf91d09cc2e","C:\Windows\Temp\chocolatey\chocoInstall\tools\chocolateyInstall\helpers\functions\Get-ChocolateyWebFile.ps1","C:\Users\labuser\Documents\Training\Day 3 - Scripting\TempCleanup\TempCleanupState\Quarantine\764f60c0-e430-4b72-9a30-5bf91d09cc2e_C__Windows_Temp_chocolatey_chocoInstall_tools_chocolateyInstall_helpers_functions_Get-ChocolateyWebFile.ps1","2026-08-05T12:01:23.9344787Z"
"764f60c0-e430-4b72-9a30-5bf91d09cc2e","C:\Windows\Temp\chocolatey\chocoInstall\tools\chocolateyInstall\helpers\functions\Get-EnvironmentVariable.ps1","C:\Users\labuser\Documents\Training\Day 3 - Scripting\TempCleanup\TempCleanupState\Quarantine\764f60c0-e430-4b72-9a30-5bf91d09cc2e_C__Windows_Temp_chocolatey_chocoInstall_tools_chocolateyInstall_helpers_functions_Get-EnvironmentVariable.ps1","2026-08-05T12:01:23.9434816Z"
"764f60c0-e430-4b72-9a30-5bf91d09cc2e","C:\Windows\Temp\chocolatey\chocoInstall\tools\chocolateyInstall\helpers\functions\Get-EnvironmentVariableNames.ps1","C:\Users\labuser\Documents\Training\Day 3 - Scripting\TempCleanup\TempCleanupState\Quarantine\764f60c0-e430-4b72-9a30-5bf91d09cc2e_C__Windows_Temp_chocolatey_chocoInstall_tools_chocolateyInstall_helpers_functions_Get-EnvironmentVariableNames.ps1","2026-08-05T12:01:23.9677671Z"
"764f60c0-e430-4b72-9a30-5bf91d09cc2e","C:\Windows\Temp\chocolatey\chocoInstall\tools\chocolateyInstall\helpers\functions\Get-FtpFile.ps1","C:\Users\labuser\Documents\Training\Day 3 - Scripting\TempCleanup\TempCleanupState\Quarantine\764f60c0-e430-4b72-9a30-5bf91d09cc2e_C__Windows_Temp_chocolatey_chocoInstall_tools_chocolateyInstall_helpers_functions_Get-FtpFile.ps1","2026-08-05T12:01:23.9757705Z"
"764f60c0-e430-4b72-9a30-5bf91d09cc2e","C:\Windows\Temp\chocolatey\chocoInstall\tools\chocolateyInstall\helpers\functions\Get-OSArchitectureWidth.ps1","C:\Users\labuser\Documents\Training\Day 3 - Scripting\TempCleanup\TempCleanupState\Quarantine\764f60c0-e430-4b72-9a30-5bf91d09cc2e_C__Windows_Temp_chocolatey_chocoInstall_tools_chocolateyInstall_helpers_functions_Get-OSArchitectureWidth.ps1","2026-08-05T12:01:24.0208703Z"
"764f60c0-e430-4b72-9a30-5bf91d09cc2e","C:\Windows\Temp\chocolatey\chocoInstall\tools\chocolateyInstall\helpers\functions\Get-PackageParameters.ps1","C:\Users\labuser\Documents\Training\Day 3 - Scripting\TempCleanup\TempCleanupState\Quarantine\764f60c0-e430-4b72-9a30-5bf91d09cc2e_C__Windows_Temp_chocolatey_chocoInstall_tools_chocolateyInstall_helpers_functions_Get-PackageParameters.ps1","2026-08-05T12:01:24.0338704Z"
"764f60c0-e430-4b72-9a30-5bf91d09cc2e","C:\Windows\Temp\chocolatey\chocoInstall\tools\chocolateyInstall\helpers\functions\Get-ToolsLocation.ps1","C:\Users\labuser\Documents\Training\Day 3 - Scripting\TempCleanup\TempCleanupState\Quarantine\764f60c0-e430-4b72-9a30-5bf91d09cc2e_C__Windows_Temp_chocolatey_chocoInstall_tools_chocolateyInstall_helpers_functions_Get-ToolsLocation.ps1","2026-08-05T12:01:24.0497599Z"
"764f60c0-e430-4b72-9a30-5bf91d09cc2e","C:\Windows\Temp\chocolatey\chocoInstall\tools\chocolateyInstall\helpers\functions\Get-UACEnabled.ps1","C:\Users\labuser\Documents\Training\Day 3 - Scripting\TempCleanup\TempCleanupState\Quarantine\764f60c0-e430-4b72-9a30-5bf91d09cc2e_C__Windows_Temp_chocolatey_chocoInstall_tools_chocolateyInstall_helpers_functions_Get-UACEnabled.ps1","2026-08-05T12:01:24.0935805Z"
"764f60c0-e430-4b72-9a30-5bf91d09cc2e","C:\Windows\Temp\chocolatey\chocoInstall\tools\chocolateyInstall\helpers\functions\Get-UninstallRegistryKey.ps1","C:\Users\labuser\Documents\Training\Day 3 - Scripting\TempCleanup\TempCleanupState\Quarantine\764f60c0-e430-4b72-9a30-5bf91d09cc2e_C__Windows_Temp_chocolatey_chocoInstall_tools_chocolateyInstall_helpers_functions_Get-UninstallRegistryKey.ps1","2026-08-05T12:01:24.1145812Z"
"764f60c0-e430-4b72-9a30-5bf91d09cc2e","C:\Windows\Temp\chocolatey\chocoInstall\tools\chocolateyInstall\helpers\functions\Get-VirusCheckValid.ps1","C:\Users\labuser\Documents\Training\Day 3 - Scripting\TempCleanup\TempCleanupState\Quarantine\764f60c0-e430-4b72-9a30-5bf91d09cc2e_C__Windows_Temp_chocolatey_chocoInstall_tools_chocolateyInstall_helpers_functions_Get-VirusCheckValid.ps1","2026-08-05T12:01:24.1275828Z"
"764f60c0-e430-4b72-9a30-5bf91d09cc2e","C:\Windows\Temp\chocolatey\chocoInstall\tools\chocolateyInstall\helpers\functions\Get-WebFile.ps1","C:\Users\labuser\Documents\Training\Day 3 - Scripting\TempCleanup\TempCleanupState\Quarantine\764f60c0-e430-4b72-9a30-5bf91d09cc2e_C__Windows_Temp_chocolatey_chocoInstall_tools_chocolateyInstall_helpers_functions_Get-WebFile.ps1","2026-08-05T12:01:24.1475846Z"
"764f60c0-e430-4b72-9a30-5bf91d09cc2e","C:\Windows\Temp\chocolatey\chocoInstall\tools\chocolateyInstall\helpers\functions\Get-WebFileName.ps1","C:\Users\labuser\Documents\Training\Day 3 - Scripting\TempCleanup\TempCleanupState\Quarantine\764f60c0-e430-4b72-9a30-5bf91d09cc2e_C__Windows_Temp_chocolatey_chocoInstall_tools_chocolateyInstall_helpers_functions_Get-WebFileName.ps1","2026-08-05T12:01:24.1575832Z"
"764f60c0-e430-4b72-9a30-5bf91d09cc2e","C:\Windows\Temp\chocolatey\chocoInstall\tools\chocolateyInstall\helpers\functions\Get-WebHeaders.ps1","C:\Users\labuser\Documents\Training\Day 3 - Scripting\TempCleanup\TempCleanupState\Quarantine\764f60c0-e430-4b72-9a30-5bf91d09cc2e_C__Windows_Temp_chocolatey_chocoInstall_tools_chocolateyInstall_helpers_functions_Get-WebHeaders.ps1","2026-08-05T12:01:24.1855728Z"
"764f60c0-e430-4b72-9a30-5bf91d09cc2e","C:\Windows\Temp\chocolatey\chocoInstall\tools\chocolateyInstall\helpers\functions\Install-BinFile.ps1","C:\Users\labuser\Documents\Training\Day 3 - Scripting\TempCleanup\TempCleanupState\Quarantine\764f60c0-e430-4b72-9a30-5bf91d09cc2e_C__Windows_Temp_chocolatey_chocoInstall_tools_chocolateyInstall_helpers_functions_Install-BinFile.ps1","2026-08-05T12:01:24.1915724Z"
"764f60c0-e430-4b72-9a30-5bf91d09cc2e","C:\Windows\Temp\chocolatey\chocoInstall\tools\chocolateyInstall\helpers\functions\Install-ChocolateyEnvironmentVariable.ps1","C:\Users\labuser\Documents\Training\Day 3 - Scripting\TempCleanup\TempCleanupState\Quarantine\764f60c0-e430-4b72-9a30-5bf91d09cc2e_C__Windows_Temp_chocolatey_chocoInstall_tools_chocolateyInstall_helpers_functions_Install-ChocolateyEnvironmentVariable.ps1","2026-08-05T12:01:24.2030160Z"
"764f60c0-e430-4b72-9a30-5bf91d09cc2e","C:\Windows\Temp\chocolatey\chocoInstall\tools\chocolateyInstall\helpers\functions\Install-ChocolateyExplorerMenuItem.ps1","C:\Users\labuser\Documents\Training\Day 3 - Scripting\TempCleanup\TempCleanupState\Quarantine\764f60c0-e430-4b72-9a30-5bf91d09cc2e_C__Windows_Temp_chocolatey_chocoInstall_tools_chocolateyInstall_helpers_functions_Install-ChocolateyExplorerMenuItem.ps1","2026-08-05T12:01:24.2110159Z"
"764f60c0-e430-4b72-9a30-5bf91d09cc2e","C:\Windows\Temp\chocolatey\chocoInstall\tools\chocolateyInstall\helpers\functions\Install-ChocolateyFileAssociation.ps1","C:\Users\labuser\Documents\Training\Day 3 - Scripting\TempCleanup\TempCleanupState\Quarantine\764f60c0-e430-4b72-9a30-5bf91d09cc2e_C__Windows_Temp_chocolatey_chocoInstall_tools_chocolateyInstall_helpers_functions_Install-ChocolateyFileAssociation.ps1","2026-08-05T12:01:24.2170144Z"
"764f60c0-e430-4b72-9a30-5bf91d09cc2e","C:\Windows\Temp\chocolatey\chocoInstall\tools\chocolateyInstall\helpers\functions\Install-ChocolateyInstallPackage.ps1","C:\Users\labuser\Documents\Training\Day 3 - Scripting\TempCleanup\TempCleanupState\Quarantine\764f60c0-e430-4b72-9a30-5bf91d09cc2e_C__Windows_Temp_chocolatey_chocoInstall_tools_chocolateyInstall_helpers_functions_Install-ChocolateyInstallPackage.ps1","2026-08-05T12:01:24.2230159Z"
"764f60c0-e430-4b72-9a30-5bf91d09cc2e","C:\Windows\Temp\chocolatey\chocoInstall\tools\chocolateyInstall\helpers\functions\Install-ChocolateyPackage.ps1","C:\Users\labuser\Documents\Training\Day 3 - Scripting\TempCleanup\TempCleanupState\Quarantine\764f60c0-e430-4b72-9a30-5bf91d09cc2e_C__Windows_Temp_chocolatey_chocoInstall_tools_chocolateyInstall_helpers_functions_Install-ChocolateyPackage.ps1","2026-08-05T12:01:24.2304138Z"
"764f60c0-e430-4b72-9a30-5bf91d09cc2e","C:\Windows\Temp\chocolatey\chocoInstall\tools\chocolateyInstall\helpers\functions\Install-ChocolateyPath.ps1","C:\Users\labuser\Documents\Training\Day 3 - Scripting\TempCleanup\TempCleanupState\Quarantine\764f60c0-e430-4b72-9a30-5bf91d09cc2e_C__Windows_Temp_chocolatey_chocoInstall_tools_chocolateyInstall_helpers_functions_Install-ChocolateyPath.ps1","2026-08-05T12:01:24.2404124Z"
"764f60c0-e430-4b72-9a30-5bf91d09cc2e","C:\Windows\Temp\chocolatey\chocoInstall\tools\chocolateyInstall\helpers\functions\Install-ChocolateyPinnedTaskBarItem.ps1","C:\Users\labuser\Documents\Training\Day 3 - Scripting\TempCleanup\TempCleanupState\Quarantine\764f60c0-e430-4b72-9a30-5bf91d09cc2e_C__Windows_Temp_chocolatey_chocoInstall_tools_chocolateyInstall_helpers_functions_Install-ChocolateyPinnedTaskBarItem.ps1","2026-08-05T12:01:24.2464075Z"
"764f60c0-e430-4b72-9a30-5bf91d09cc2e","C:\Windows\Temp\chocolatey\chocoInstall\tools\chocolateyInstall\helpers\functions\Install-ChocolateyPowershellCommand.ps1","C:\Users\labuser\Documents\Training\Day 3 - Scripting\TempCleanup\TempCleanupState\Quarantine\764f60c0-e430-4b72-9a30-5bf91d09cc2e_C__Windows_Temp_chocolatey_chocoInstall_tools_chocolateyInstall_helpers_functions_Install-ChocolateyPowershellCommand.ps1","2026-08-05T12:01:24.2514095Z"
"764f60c0-e430-4b72-9a30-5bf91d09cc2e","C:\Windows\Temp\chocolatey\chocoInstall\tools\chocolateyInstall\helpers\functions\Install-ChocolateyShortcut.ps1","C:\Users\labuser\Documents\Training\Day 3 - Scripting\TempCleanup\TempCleanupState\Quarantine\764f60c0-e430-4b72-9a30-5bf91d09cc2e_C__Windows_Temp_chocolatey_chocoInstall_tools_chocolateyInstall_helpers_functions_Install-ChocolateyShortcut.ps1","2026-08-05T12:01:24.2574108Z"
"764f60c0-e430-4b72-9a30-5bf91d09cc2e","C:\Windows\Temp\chocolatey\chocoInstall\tools\chocolateyInstall\helpers\functions\Install-ChocolateyVsixPackage.ps1","C:\Users\labuser\Documents\Training\Day 3 - Scripting\TempCleanup\TempCleanupState\Quarantine\764f60c0-e430-4b72-9a30-5bf91d09cc2e_C__Windows_Temp_chocolatey_chocoInstall_tools_chocolateyInstall_helpers_functions_Install-ChocolateyVsixPackage.ps1","2026-08-05T12:01:24.2647812Z"
"764f60c0-e430-4b72-9a30-5bf91d09cc2e","C:\Windows\Temp\chocolatey\chocoInstall\tools\chocolateyInstall\helpers\functions\Install-ChocolateyZipPackage.ps1","C:\Users\labuser\Documents\Training\Day 3 - Scripting\TempCleanup\TempCleanupState\Quarantine\764f60c0-e430-4b72-9a30-5bf91d09cc2e_C__Windows_Temp_chocolatey_chocoInstall_tools_chocolateyInstall_helpers_functions_Install-ChocolateyZipPackage.ps1","2026-08-05T12:01:24.2697870Z"
"764f60c0-e430-4b72-9a30-5bf91d09cc2e","C:\Windows\Temp\chocolatey\chocoInstall\tools\chocolateyInstall\helpers\functions\Install-Vsix.ps1","C:\Users\labuser\Documents\Training\Day 3 - Scripting\TempCleanup\TempCleanupState\Quarantine\764f60c0-e430-4b72-9a30-5bf91d09cc2e_C__Windows_Temp_chocolatey_chocoInstall_tools_chocolateyInstall_helpers_functions_Install-Vsix.ps1","2026-08-05T12:01:24.2867792Z"
"764f60c0-e430-4b72-9a30-5bf91d09cc2e","C:\Windows\Temp\chocolatey\chocoInstall\tools\chocolateyInstall\helpers\functions\Set-EnvironmentVariable.ps1","C:\Users\labuser\Documents\Training\Day 3 - Scripting\TempCleanup\TempCleanupState\Quarantine\764f60c0-e430-4b72-9a30-5bf91d09cc2e_C__Windows_Temp_chocolatey_chocoInstall_tools_chocolateyInstall_helpers_functions_Set-EnvironmentVariable.ps1","2026-08-05T12:01:24.2970602Z"
"764f60c0-e430-4b72-9a30-5bf91d09cc2e","C:\Windows\Temp\chocolatey\chocoInstall\tools\chocolateyInstall\helpers\functions\Set-PowerShellExitCode.ps1","C:\Users\labuser\Documents\Training\Day 3 - Scripting\TempCleanup\TempCleanupState\Quarantine\764f60c0-e430-4b72-9a30-5bf91d09cc2e_C__Windows_Temp_chocolatey_chocoInstall_tools_chocolateyInstall_helpers_functions_Set-PowerShellExitCode.ps1","2026-08-05T12:01:24.3100579Z"
"764f60c0-e430-4b72-9a30-5bf91d09cc2e","C:\Windows\Temp\chocolatey\chocoInstall\tools\chocolateyInstall\helpers\functions\Start-ChocolateyProcessAsAdmin.ps1","C:\Users\labuser\Documents\Training\Day 3 - Scripting\TempCleanup\TempCleanupState\Quarantine\764f60c0-e430-4b72-9a30-5bf91d09cc2e_C__Windows_Temp_chocolatey_chocoInstall_tools_chocolateyInstall_helpers_functions_Start-ChocolateyProcessAsAdmin.ps1","2026-08-05T12:01:24.3170605Z"
"764f60c0-e430-4b72-9a30-5bf91d09cc2e","C:\Windows\Temp\chocolatey\chocoInstall\tools\chocolateyInstall\helpers\functions\Test-ProcessAdminRights.ps1","C:\Users\labuser\Documents\Training\Day 3 - Scripting\TempCleanup\TempCleanupState\Quarantine\764f60c0-e430-4b72-9a30-5bf91d09cc2e_C__Windows_Temp_chocolatey_chocoInstall_tools_chocolateyInstall_helpers_functions_Test-ProcessAdminRights.ps1","2026-08-05T12:01:24.3249802Z"
"764f60c0-e430-4b72-9a30-5bf91d09cc2e","C:\Windows\Temp\chocolatey\chocoInstall\tools\chocolateyInstall\helpers\functions\Uninstall-BinFile.ps1","C:\Users\labuser\Documents\Training\Day 3 - Scripting\TempCleanup\TempCleanupState\Quarantine\764f60c0-e430-4b72-9a30-5bf91d09cc2e_C__Windows_Temp_chocolatey_chocoInstall_tools_chocolateyInstall_helpers_functions_Uninstall-BinFile.ps1","2026-08-05T12:01:24.3339839Z"
"764f60c0-e430-4b72-9a30-5bf91d09cc2e","C:\Windows\Temp\chocolatey\chocoInstall\tools\chocolateyInstall\helpers\functions\Uninstall-ChocolateyEnvironmentVariable.ps1","C:\Users\labuser\Documents\Training\Day 3 - Scripting\TempCleanup\TempCleanupState\Quarantine\764f60c0-e430-4b72-9a30-5bf91d09cc2e_C__Windows_Temp_chocolatey_chocoInstall_tools_chocolateyInstall_helpers_functions_Uninstall-ChocolateyEnvironmentVariable.ps1","2026-08-05T12:01:24.3399804Z"
"764f60c0-e430-4b72-9a30-5bf91d09cc2e","C:\Windows\Temp\chocolatey\chocoInstall\tools\chocolateyInstall\helpers\functions\Uninstall-ChocolateyPackage.ps1","C:\Users\labuser\Documents\Training\Day 3 - Scripting\TempCleanup\TempCleanupState\Quarantine\764f60c0-e430-4b72-9a30-5bf91d09cc2e_C__Windows_Temp_chocolatey_chocoInstall_tools_chocolateyInstall_helpers_functions_Uninstall-ChocolateyPackage.ps1","2026-08-05T12:01:24.3449833Z"
"764f60c0-e430-4b72-9a30-5bf91d09cc2e","C:\Windows\Temp\chocolatey\chocoInstall\tools\chocolateyInstall\helpers\functions\UnInstall-ChocolateyZipPackage.ps1","C:\Users\labuser\Documents\Training\Day 3 - Scripting\TempCleanup\TempCleanupState\Quarantine\764f60c0-e430-4b72-9a30-5bf91d09cc2e_C__Windows_Temp_chocolatey_chocoInstall_tools_chocolateyInstall_helpers_functions_UnInstall-ChocolateyZipPackage.ps1","2026-08-05T12:01:24.3509812Z"
"764f60c0-e430-4b72-9a30-5bf91d09cc2e","C:\Windows\Temp\chocolatey\chocoInstall\tools\chocolateyInstall\helpers\functions\Update-SessionEnvironment.ps1","C:\Users\labuser\Documents\Training\Day 3 - Scripting\TempCleanup\TempCleanupState\Quarantine\764f60c0-e430-4b72-9a30-5bf91d09cc2e_C__Windows_Temp_chocolatey_chocoInstall_tools_chocolateyInstall_helpers_functions_Update-SessionEnvironment.ps1","2026-08-05T12:01:24.3571056Z"
"764f60c0-e430-4b72-9a30-5bf91d09cc2e","C:\Windows\Temp\chocolatey\chocoInstall\tools\chocolateyInstall\helpers\functions\Write-FunctionCallLogMessage.ps1","C:\Users\labuser\Documents\Training\Day 3 - Scripting\TempCleanup\TempCleanupState\Quarantine\764f60c0-e430-4b72-9a30-5bf91d09cc2e_C__Windows_Temp_chocolatey_chocoInstall_tools_chocolateyInstall_helpers_functions_Write-FunctionCallLogMessage.ps1","2026-08-05T12:01:24.3571056Z"
"764f60c0-e430-4b72-9a30-5bf91d09cc2e","C:\Windows\Temp\chocolatey\chocoInstall\tools\chocolateyInstall\redirects\choco.exe","C:\Users\labuser\Documents\Training\Day 3 - Scripting\TempCleanup\TempCleanupState\Quarantine\764f60c0-e430-4b72-9a30-5bf91d09cc2e_C__Windows_Temp_chocolatey_chocoInstall_tools_chocolateyInstall_redirects_choco.exe","2026-08-05T12:01:24.3727518Z"
"764f60c0-e430-4b72-9a30-5bf91d09cc2e","C:\Windows\Temp\chocolatey\chocoInstall\tools\chocolateyInstall\redirects\choco.exe.ignore","C:\Users\labuser\Documents\Training\Day 3 - Scripting\TempCleanup\TempCleanupState\Quarantine\764f60c0-e430-4b72-9a30-5bf91d09cc2e_C__Windows_Temp_chocolatey_chocoInstall_tools_chocolateyInstall_redirects_choco.exe.ignore","2026-08-05T12:01:24.3931734Z"
"764f60c0-e430-4b72-9a30-5bf91d09cc2e","C:\Windows\Temp\chocolatey\chocoInstall\tools\chocolateyInstall\redirects\chocolatey.exe","C:\Users\labuser\Documents\Training\Day 3 - Scripting\TempCleanup\TempCleanupState\Quarantine\764f60c0-e430-4b72-9a30-5bf91d09cc2e_C__Windows_Temp_chocolatey_chocoInstall_tools_chocolateyInstall_redirects_chocolatey.exe","2026-08-05T12:01:24.4031723Z"
"764f60c0-e430-4b72-9a30-5bf91d09cc2e","C:\Windows\Temp\chocolatey\chocoInstall\tools\chocolateyInstall\redirects\chocolatey.exe.ignore","C:\Users\labuser\Documents\Training\Day 3 - Scripting\TempCleanup\TempCleanupState\Quarantine\764f60c0-e430-4b72-9a30-5bf91d09cc2e_C__Windows_Temp_chocolatey_chocoInstall_tools_chocolateyInstall_redirects_chocolatey.exe.ignore","2026-08-05T12:01:24.4111729Z"
"764f60c0-e430-4b72-9a30-5bf91d09cc2e","C:\Windows\Temp\chocolatey\chocoInstall\tools\chocolateyInstall\redirects\cinst.exe","C:\Users\labuser\Documents\Training\Day 3 - Scripting\TempCleanup\TempCleanupState\Quarantine\764f60c0-e430-4b72-9a30-5bf91d09cc2e_C__Windows_Temp_chocolatey_chocoInstall_tools_chocolateyInstall_redirects_cinst.exe","2026-08-05T12:01:24.4194179Z"
"764f60c0-e430-4b72-9a30-5bf91d09cc2e","C:\Windows\Temp\chocolatey\chocoInstall\tools\chocolateyInstall\redirects\cinst.exe.ignore","C:\Users\labuser\Documents\Training\Day 3 - Scripting\TempCleanup\TempCleanupState\Quarantine\764f60c0-e430-4b72-9a30-5bf91d09cc2e_C__Windows_Temp_chocolatey_chocoInstall_tools_chocolateyInstall_redirects_cinst.exe.ignore","2026-08-05T12:01:24.4294174Z"
"764f60c0-e430-4b72-9a30-5bf91d09cc2e","C:\Windows\Temp\chocolatey\chocoInstall\tools\chocolateyInstall\redirects\clist.exe","C:\Users\labuser\Documents\Training\Day 3 - Scripting\TempCleanup\TempCleanupState\Quarantine\764f60c0-e430-4b72-9a30-5bf91d09cc2e_C__Windows_Temp_chocolatey_chocoInstall_tools_chocolateyInstall_redirects_clist.exe","2026-08-05T12:01:24.4354164Z"
"764f60c0-e430-4b72-9a30-5bf91d09cc2e","C:\Windows\Temp\chocolatey\chocoInstall\tools\chocolateyInstall\redirects\clist.exe.ignore","C:\Users\labuser\Documents\Training\Day 3 - Scripting\TempCleanup\TempCleanupState\Quarantine\764f60c0-e430-4b72-9a30-5bf91d09cc2e_C__Windows_Temp_chocolatey_chocoInstall_tools_chocolateyInstall_redirects_clist.exe.ignore","2026-08-05T12:01:24.4414184Z"
"764f60c0-e430-4b72-9a30-5bf91d09cc2e","C:\Windows\Temp\chocolatey\chocoInstall\tools\chocolateyInstall\redirects\cpush.exe","C:\Users\labuser\Documents\Training\Day 3 - Scripting\TempCleanup\TempCleanupState\Quarantine\764f60c0-e430-4b72-9a30-5bf91d09cc2e_C__Windows_Temp_chocolatey_chocoInstall_tools_chocolateyInstall_redirects_cpush.exe","2026-08-05T12:01:24.4485969Z"
"764f60c0-e430-4b72-9a30-5bf91d09cc2e","C:\Windows\Temp\chocolatey\chocoInstall\tools\chocolateyInstall\redirects\cpush.exe.ignore","C:\Users\labuser\Documents\Training\Day 3 - Scripting\TempCleanup\TempCleanupState\Quarantine\764f60c0-e430-4b72-9a30-5bf91d09cc2e_C__Windows_Temp_chocolatey_chocoInstall_tools_chocolateyInstall_redirects_cpush.exe.ignore","2026-08-05T12:01:24.4556029Z"
"764f60c0-e430-4b72-9a30-5bf91d09cc2e","C:\Windows\Temp\chocolatey\chocoInstall\tools\chocolateyInstall\redirects\cuninst.exe","C:\Users\labuser\Documents\Training\Day 3 - Scripting\TempCleanup\TempCleanupState\Quarantine\764f60c0-e430-4b72-9a30-5bf91d09cc2e_C__Windows_Temp_chocolatey_chocoInstall_tools_chocolateyInstall_redirects_cuninst.exe","2026-08-05T12:01:24.4706025Z"
"764f60c0-e430-4b72-9a30-5bf91d09cc2e","C:\Windows\Temp\chocolatey\chocoInstall\tools\chocolateyInstall\redirects\cuninst.exe.ignore","C:\Users\labuser\Documents\Training\Day 3 - Scripting\TempCleanup\TempCleanupState\Quarantine\764f60c0-e430-4b72-9a30-5bf91d09cc2e_C__Windows_Temp_chocolatey_chocoInstall_tools_chocolateyInstall_redirects_cuninst.exe.ignore","2026-08-05T12:01:24.4756012Z"
"764f60c0-e430-4b72-9a30-5bf91d09cc2e","C:\Windows\Temp\chocolatey\chocoInstall\tools\chocolateyInstall\redirects\cup.exe","C:\Users\labuser\Documents\Training\Day 3 - Scripting\TempCleanup\TempCleanupState\Quarantine\764f60c0-e430-4b72-9a30-5bf91d09cc2e_C__Windows_Temp_chocolatey_chocoInstall_tools_chocolateyInstall_redirects_cup.exe","2026-08-05T12:01:24.4900794Z"
"764f60c0-e430-4b72-9a30-5bf91d09cc2e","C:\Windows\Temp\chocolatey\chocoInstall\tools\chocolateyInstall\redirects\cup.exe.ignore","C:\Users\labuser\Documents\Training\Day 3 - Scripting\TempCleanup\TempCleanupState\Quarantine\764f60c0-e430-4b72-9a30-5bf91d09cc2e_C__Windows_Temp_chocolatey_chocoInstall_tools_chocolateyInstall_redirects_cup.exe.ignore","2026-08-05T12:01:24.4970766Z"
"764f60c0-e430-4b72-9a30-5bf91d09cc2e","C:\Windows\Temp\chocolatey\chocoInstall\tools\chocolateyInstall\redirects\RefreshEnv.cmd","C:\Users\labuser\Documents\Training\Day 3 - Scripting\TempCleanup\TempCleanupState\Quarantine\764f60c0-e430-4b72-9a30-5bf91d09cc2e_C__Windows_Temp_chocolatey_chocoInstall_tools_chocolateyInstall_redirects_RefreshEnv.cmd","2026-08-05T12:01:24.5030768Z"
"764f60c0-e430-4b72-9a30-5bf91d09cc2e","C:\Windows\Temp\chocolatey\chocoInstall\tools\chocolateyInstall\tools\7z.dll","C:\Users\labuser\Documents\Training\Day 3 - Scripting\TempCleanup\TempCleanupState\Quarantine\764f60c0-e430-4b72-9a30-5bf91d09cc2e_C__Windows_Temp_chocolatey_chocoInstall_tools_chocolateyInstall_tools_7z.dll","2026-08-05T12:01:24.5095904Z"
"764f60c0-e430-4b72-9a30-5bf91d09cc2e","C:\Windows\Temp\chocolatey\chocoInstall\tools\chocolateyInstall\tools\7z.dll.manifest","C:\Users\labuser\Documents\Training\Day 3 - Scripting\TempCleanup\TempCleanupState\Quarantine\764f60c0-e430-4b72-9a30-5bf91d09cc2e_C__Windows_Temp_chocolatey_chocoInstall_tools_chocolateyInstall_tools_7z.dll.manifest","2026-08-05T12:01:24.5195956Z"
"764f60c0-e430-4b72-9a30-5bf91d09cc2e","C:\Windows\Temp\chocolatey\chocoInstall\tools\chocolateyInstall\tools\7z.exe","C:\Users\labuser\Documents\Training\Day 3 - Scripting\TempCleanup\TempCleanupState\Quarantine\764f60c0-e430-4b72-9a30-5bf91d09cc2e_C__Windows_Temp_chocolatey_chocoInstall_tools_chocolateyInstall_tools_7z.exe","2026-08-05T12:01:24.5285938Z"
"764f60c0-e430-4b72-9a30-5bf91d09cc2e","C:\Windows\Temp\chocolatey\chocoInstall\tools\chocolateyInstall\tools\7z.exe.ignore","C:\Users\labuser\Documents\Training\Day 3 - Scripting\TempCleanup\TempCleanupState\Quarantine\764f60c0-e430-4b72-9a30-5bf91d09cc2e_C__Windows_Temp_chocolatey_chocoInstall_tools_chocolateyInstall_tools_7z.exe.ignore","2026-08-05T12:01:24.5345970Z"
"764f60c0-e430-4b72-9a30-5bf91d09cc2e","C:\Windows\Temp\chocolatey\chocoInstall\tools\chocolateyInstall\tools\7z.exe.manifest","C:\Users\labuser\Documents\Training\Day 3 - Scripting\TempCleanup\TempCleanupState\Quarantine\764f60c0-e430-4b72-9a30-5bf91d09cc2e_C__Windows_Temp_chocolatey_chocoInstall_tools_chocolateyInstall_tools_7z.exe.manifest","2026-08-05T12:01:24.5424334Z"
"764f60c0-e430-4b72-9a30-5bf91d09cc2e","C:\Windows\Temp\chocolatey\chocoInstall\tools\chocolateyInstall\tools\7zip.license.txt","C:\Users\labuser\Documents\Training\Day 3 - Scripting\TempCleanup\TempCleanupState\Quarantine\764f60c0-e430-4b72-9a30-5bf91d09cc2e_C__Windows_Temp_chocolatey_chocoInstall_tools_chocolateyInstall_tools_7zip.license.txt","2026-08-05T12:01:24.5484361Z"
"764f60c0-e430-4b72-9a30-5bf91d09cc2e","C:\Windows\Temp\chocolatey\chocoInstall\tools\chocolateyInstall\tools\checksum.exe","C:\Users\labuser\Documents\Training\Day 3 - Scripting\TempCleanup\TempCleanupState\Quarantine\764f60c0-e430-4b72-9a30-5bf91d09cc2e_C__Windows_Temp_chocolatey_chocoInstall_tools_chocolateyInstall_tools_checksum.exe","2026-08-05T12:01:24.5604334Z"
"764f60c0-e430-4b72-9a30-5bf91d09cc2e","C:\Windows\Temp\chocolatey\chocoInstall\tools\chocolateyInstall\tools\checksum.exe.config","C:\Users\labuser\Documents\Training\Day 3 - Scripting\TempCleanup\TempCleanupState\Quarantine\764f60c0-e430-4b72-9a30-5bf91d09cc2e_C__Windows_Temp_chocolatey_chocoInstall_tools_chocolateyInstall_tools_checksum.exe.config","2026-08-05T12:01:24.6063100Z"
"764f60c0-e430-4b72-9a30-5bf91d09cc2e","C:\Windows\Temp\chocolatey\chocoInstall\tools\chocolateyInstall\tools\checksum.exe.ignore","C:\Users\labuser\Documents\Training\Day 3 - Scripting\TempCleanup\TempCleanupState\Quarantine\764f60c0-e430-4b72-9a30-5bf91d09cc2e_C__Windows_Temp_chocolatey_chocoInstall_tools_chocolateyInstall_tools_checksum.exe.ignore","2026-08-05T12:01:24.6143134Z"
"764f60c0-e430-4b72-9a30-5bf91d09cc2e","C:\Windows\Temp\chocolatey\chocoInstall\tools\chocolateyInstall\tools\checksum.license.txt","C:\Users\labuser\Documents\Training\Day 3 - Scripting\TempCleanup\TempCleanupState\Quarantine\764f60c0-e430-4b72-9a30-5bf91d09cc2e_C__Windows_Temp_chocolatey_chocoInstall_tools_chocolateyInstall_tools_checksum.license.txt","2026-08-05T12:01:24.6203109Z"
"764f60c0-e430-4b72-9a30-5bf91d09cc2e","C:\Windows\Temp\chocolatey\chocoInstall\tools\chocolateyInstall\tools\shimgen.exe","C:\Users\labuser\Documents\Training\Day 3 - Scripting\TempCleanup\TempCleanupState\Quarantine\764f60c0-e430-4b72-9a30-5bf91d09cc2e_C__Windows_Temp_chocolatey_chocoInstall_tools_chocolateyInstall_tools_shimgen.exe","2026-08-05T12:01:24.6273113Z"
"764f60c0-e430-4b72-9a30-5bf91d09cc2e","C:\Windows\Temp\chocolatey\chocoInstall\tools\chocolateyInstall\tools\shimgen.exe.ignore","C:\Users\labuser\Documents\Training\Day 3 - Scripting\TempCleanup\TempCleanupState\Quarantine\764f60c0-e430-4b72-9a30-5bf91d09cc2e_C__Windows_Temp_chocolatey_chocoInstall_tools_chocolateyInstall_tools_shimgen.exe.ignore","2026-08-05T12:01:24.6343532Z"
"764f60c0-e430-4b72-9a30-5bf91d09cc2e","C:\Windows\Temp\chocolatey\chocoInstall\tools\chocolateyInstall\tools\shimgen.license.txt","C:\Users\labuser\Documents\Training\Day 3 - Scripting\TempCleanup\TempCleanupState\Quarantine\764f60c0-e430-4b72-9a30-5bf91d09cc2e_C__Windows_Temp_chocolatey_chocoInstall_tools_chocolateyInstall_tools_shimgen.license.txt","2026-08-05T12:01:24.6443578Z"
"764f60c0-e430-4b72-9a30-5bf91d09cc2e","C:\Windows\Temp\chocolatey\chocoInstall\_rels\.rels","C:\Users\labuser\Documents\Training\Day 3 - Scripting\TempCleanup\TempCleanupState\Quarantine\764f60c0-e430-4b72-9a30-5bf91d09cc2e_C__Windows_Temp_chocolatey_chocoInstall__rels_.rels","2026-08-05T12:01:24.6523586Z"
"764f60c0-e430-4b72-9a30-5bf91d09cc2e","C:\Windows\Temp\chocolatey\vscode.install\1.131.0\install.log","C:\Users\labuser\Documents\Training\Day 3 - Scripting\TempCleanup\TempCleanupState\Quarantine\764f60c0-e430-4b72-9a30-5bf91d09cc2e_C__Windows_Temp_chocolatey_vscode.install_1.131.0_install.log","2026-08-05T12:01:24.6573617Z"
"764f60c0-e430-4b72-9a30-5bf91d09cc2e","C:\Windows\Temp\chocolatey\vscode.install\1.131.0\VSCodeSetup-x64-1.131.0.exe","C:\Users\labuser\Documents\Training\Day 3 - Scripting\TempCleanup\TempCleanupState\Quarantine\764f60c0-e430-4b72-9a30-5bf91d09cc2e_C__Windows_Temp_chocolatey_vscode.install_1.131.0_VSCodeSetup-x64-1.131.0.exe","2026-08-05T12:01:24.6633571Z"
"764f60c0-e430-4b72-9a30-5bf91d09cc2e","C:\Windows\Temp\Crashpad\metadata","C:\Users\labuser\Documents\Training\Day 3 - Scripting\TempCleanup\TempCleanupState\Quarantine\764f60c0-e430-4b72-9a30-5bf91d09cc2e_C__Windows_Temp_Crashpad_metadata","2026-08-05T12:01:24.6720664Z"
"764f60c0-e430-4b72-9a30-5bf91d09cc2e","C:\Windows\Temp\Crashpad\settings.dat","C:\Users\labuser\Documents\Training\Day 3 - Scripting\TempCleanup\TempCleanupState\Quarantine\764f60c0-e430-4b72-9a30-5bf91d09cc2e_C__Windows_Temp_Crashpad_settings.dat","2026-08-05T12:01:24.6800671Z"
